# Time (s),Altitude (m)
0.01,-4.666e-4
0.02,-4.206e-4
0.03,-3.746e-4
0.04,-3.286e-4
0.05,-2.826e-4
0.06,-2.366e-4
0.07,-1.905e-4
0.08,-1.445e-4
0.09,-9.841e-5
0.1,-5.231e-5
0.11,-6.203e-6
0.12,3.993e-5
0.13,2.059e-4
0.14,5.902e-4
0.15,0.001
0.16,0.002
0.17,0.004
0.18,0.006
0.19,0.009
0.2,0.013
0.21,0.017
0.22,0.023
0.23,0.029
0.24,0.037
0.25,0.046
0.26,0.056
0.27,0.068
0.28,0.081
0.29,0.095
0.3,0.112
0.31,0.13
0.32,0.15
0.33,0.172
0.34,0.197
0.35,0.223
0.36,0.252
0.37,0.283
0.38,0.316
0.39,0.352
0.4,0.39
0.41,0.432
0.42,0.475
0.43,0.522
0.44,0.571
0.45,0.623
0.46,0.678
0.47,0.735
0.48,0.794
0.49,0.857
0.5,0.922
0.51,0.99
0.52,1.06
0.53,1.133
0.54,1.209
0.55,1.287
0.56,1.368
0.57,1.452
0.58,1.538
0.59,1.627
0.6,1.718
0.61,1.812
0.62,1.909
0.63,2.008
0.64,2.11
0.65,2.215
0.66,2.322
0.67,2.432
0.68,2.545
0.69,2.66
0.7,2.778
0.71,2.898
0.72,3.021
0.73,3.147
0.74,3.275
0.75,3.406
0.76,3.54
0.77,3.676
0.78,3.814
0.79,3.956
0.8,4.1
0.81,4.246
0.82,4.396
0.83,4.547
0.84,4.702
0.85,4.859
0.86,5.018
0.87,5.181
0.88,5.345
0.89,5.513
0.9,5.683
0.91,5.856
0.92,6.031
0.93,6.209
0.94,6.389
0.95,6.572
0.96,6.758
0.97,6.946
0.98,7.137
0.99,7.33
1,7.526
1.01,7.725
1.02,7.926
1.03,8.13
1.04,8.336
1.05,8.545
1.06,8.756
1.07,8.97
1.08,9.187
1.09,9.406
1.1,9.628
1.11,9.853
1.12,10.079
1.13,10.309
1.14,10.541
1.15,10.776
1.16,11.013
1.17,11.253
1.18,11.495
1.19,11.74
1.2,11.987
1.21,12.238
1.22,12.49
1.23,12.745
1.24,13.003
1.25,13.263
1.26,13.526
1.27,13.791
1.28,14.059
1.29,14.33
1.3,14.603
1.31,14.878
1.32,15.156
1.33,15.437
1.345,15.862
1.368,16.511
1.401,17.509
1.451,19.04
1.501,20.634
1.551,22.29
1.601,24.009
1.651,25.791
1.701,27.635
1.751,29.543
1.801,31.514
1.851,33.55
1.901,35.649
1.951,37.814
2.001,40.043
2.051,42.338
2.101,44.698
2.151,47.125
2.201,49.617
2.251,52.176
2.301,54.802
2.351,57.495
2.401,60.255
2.451,63.083
2.501,65.978
2.551,68.941
2.601,71.972
2.651,75.071
2.701,78.238
2.751,81.473
2.801,84.777
2.851,88.149
2.901,91.59
2.951,95.1
3.001,98.679
3.051,102.328
3.101,106.047
3.151,109.835
3.201,113.695
3.251,117.625
3.301,121.626
3.351,125.699
3.401,129.844
3.451,134.061
3.501,138.351
3.551,142.715
3.601,147.152
3.651,151.663
3.701,156.249
3.751,160.909
3.801,165.644
3.851,170.455
3.901,175.341
3.951,180.304
4.001,185.342
4.051,190.457
4.101,195.648
4.151,200.916
4.201,206.261
4.251,211.682
4.301,217.18
4.351,222.755
4.401,228.407
4.451,234.136
4.501,239.942
4.551,245.825
4.601,251.785
4.651,257.823
4.701,263.939
4.751,270.133
4.801,276.405
4.851,282.756
4.901,289.187
4.951,295.697
5.001,302.287
5.051,308.957
5.101,315.708
5.151,322.54
5.201,329.453
5.251,336.447
5.301,343.523
5.351,350.681
5.401,357.92
5.451,365.241
5.501,372.643
5.551,380.126
5.601,387.69
5.651,395.335
5.701,403.062
5.751,410.869
5.801,418.759
5.851,426.73
5.901,434.783
5.951,442.918
6.001,451.136
6.051,459.437
6.101,467.82
6.151,476.287
6.201,484.836
6.251,493.469
6.301,502.183
6.351,510.981
6.401,519.86
6.451,528.821
6.501,537.865
6.551,546.99
6.601,556.196
6.651,565.485
6.701,574.856
6.751,584.31
6.801,593.845
6.851,603.463
6.901,613.164
6.951,622.946
7.001,632.812
7.051,642.759
7.101,652.789
7.151,662.901
7.201,673.095
7.251,683.371
7.301,693.729
7.351,704.169
7.401,714.691
7.451,725.294
7.501,735.979
7.551,746.746
7.601,757.594
7.651,768.523
7.701,779.533
7.751,790.625
7.801,801.799
7.851,813.054
7.901,824.391
7.951,835.81
8.001,847.31
8.051,858.892
8.101,870.555
8.151,882.298
8.201,894.122
8.251,906.025
8.301,918.009
8.351,930.073
8.401,942.217
8.451,954.442
8.501,966.747
8.551,979.132
8.601,991.597
8.651,1004.142
8.701,1016.766
8.751,1029.469
8.801,1042.252
8.851,1055.114
8.901,1068.054
8.951,1081.074
9.001,1094.173
9.051,1107.351
9.101,1120.608
9.151,1133.945
9.201,1147.359
9.251,1160.852
9.301,1174.422
9.351,1188.07
9.401,1201.794
9.451,1215.597
9.501,1229.477
9.551,1243.434
9.601,1257.47
9.651,1271.583
9.701,1285.772
9.751,1300.038
9.801,1314.379
9.851,1328.796
9.901,1343.288
9.951,1357.856
10.001,1372.499
10.051,1387.219
10.101,1402.014
10.151,1416.883
10.201,1431.828
10.251,1446.847
10.301,1461.942
10.351,1477.111
10.401,1492.355
10.451,1507.673
10.501,1523.065
10.551,1538.531
10.601,1554.071
10.651,1569.685
10.701,1585.373
10.751,1601.136
10.801,1616.972
10.851,1632.883
10.901,1648.867
10.951,1664.924
11.001,1681.054
11.051,1697.257
11.101,1713.532
11.151,1729.88
11.201,1746.3
11.251,1762.794
11.301,1779.361
11.351,1796.002
11.401,1812.714
11.451,1829.497
11.501,1846.351
11.551,1863.275
11.601,1880.271
11.651,1897.341
11.699,1913.867
11.749,1931.079
11.799,1948.362
11.849,1965.715
11.899,1983.138
11.949,2000.631
11.999,2018.195
12.049,2035.83
12.099,2053.537
12.149,2071.315
12.199,2089.164
12.249,2107.082
12.299,2125.07
12.349,2143.128
12.399,2161.257
12.449,2179.456
12.499,2197.725
12.549,2216.064
12.599,2234.473
12.649,2252.951
12.699,2271.498
12.749,2290.114
12.799,2308.799
12.849,2327.554
12.899,2346.378
12.949,2365.271
12.999,2384.234
13.049,2403.264
13.099,2422.364
13.149,2441.532
13.199,2460.769
13.249,2480.075
13.299,2499.449
13.349,2518.891
13.399,2538.402
13.449,2557.981
13.499,2577.629
13.549,2597.344
13.599,2617.128
13.649,2636.98
13.699,2656.898
13.749,2676.884
13.799,2696.939
13.849,2717.061
13.899,2737.252
13.949,2757.511
13.999,2777.838
14.049,2798.232
14.099,2818.692
14.149,2839.22
14.199,2859.815
14.249,2880.477
14.299,2901.206
14.349,2922.003
14.399,2942.867
14.449,2963.797
14.499,2984.794
14.549,3005.857
14.599,3026.986
14.649,3048.183
14.699,3069.447
14.749,3090.778
14.799,3112.174
14.849,3133.635
14.899,3155.162
14.949,3176.755
14.999,3198.417
15.049,3220.145
15.099,3241.939
15.149,3263.798
15.199,3285.721
15.249,3307.709
15.299,3329.764
15.349,3351.887
15.399,3374.075
15.449,3396.329
15.499,3418.648
15.549,3441.031
15.599,3463.48
15.649,3485.994
15.699,3508.575
15.749,3531.221
15.799,3553.934
15.849,3576.711
15.899,3599.553
15.949,3622.46
15.999,3645.433
16.049,3668.47
16.099,3691.573
16.149,3714.743
16.199,3737.978
16.249,3761.278
16.299,3784.642
16.349,3808.072
16.399,3831.566
16.449,3855.126
16.499,3878.751
16.549,3902.441
16.599,3926.196
16.649,3950.017
16.699,3973.903
16.749,3997.854
16.799,4021.871
16.849,4045.953
16.899,4070.1
16.949,4094.311
16.999,4118.587
17.049,4142.927
17.099,4167.332
17.149,4191.804
17.199,4216.342
17.249,4240.945
17.299,4265.612
17.349,4290.343
17.399,4315.14
17.449,4340.002
17.499,4364.93
17.549,4389.923
17.599,4414.981
17.649,4440.105
17.699,4465.294
17.749,4490.547
17.799,4515.865
17.849,4541.248
17.899,4566.697
17.949,4592.211
17.999,4617.792
18.049,4643.438
18.099,4669.15
18.149,4694.927
18.199,4720.77
18.249,4746.678
18.299,4772.651
18.349,4798.689
18.399,4824.793
18.449,4850.965
18.499,4877.203
18.549,4903.508
18.599,4929.878
18.649,4956.313
18.699,4982.814
18.749,5009.381
18.799,5036.015
18.849,5062.715
18.899,5089.482
18.949,5116.315
18.999,5143.214
19.049,5170.179
19.099,5197.21
19.149,5224.308
19.199,5251.474
19.249,5278.707
19.299,5306.009
19.349,5333.377
19.399,5360.811
19.449,5388.312
19.499,5415.881
19.549,5443.517
19.599,5471.22
19.649,5498.993
19.699,5526.833
19.749,5554.742
19.799,5582.717
19.849,5610.76
19.899,5638.869
19.949,5667.043
19.999,5695.263
20.002,5696.675
20.006,5698.792
20.011,5701.969
20.02,5706.734
20.032,5713.882
20.051,5724.602
20.08,5740.676
20.123,5764.758
20.142,5775.679
20.171,5792.037
20.215,5816.52
20.265,5844.487
20.315,5872.368
20.365,5900.165
20.415,5927.877
20.465,5955.506
20.515,5983.053
20.565,6010.518
20.615,6037.902
20.665,6065.205
20.715,6092.426
20.765,6119.565
20.815,6146.621
20.865,6173.596
20.915,6200.492
20.965,6227.309
21.015,6254.048
21.065,6280.711
21.115,6307.295
21.165,6333.802
21.215,6360.231
21.265,6386.582
21.315,6412.855
21.365,6439.052
21.415,6465.173
21.465,6491.219
21.515,6517.192
21.565,6543.09
21.615,6568.915
21.665,6594.664
21.715,6620.339
21.765,6645.939
21.815,6671.466
21.865,6696.922
21.915,6722.305
21.965,6747.618
22.015,6772.86
22.065,6798.032
22.115,6823.132
22.165,6848.16
22.215,6873.117
22.265,6898.003
22.315,6922.82
22.365,6947.567
22.415,6972.248
22.465,6996.86
22.515,7021.406
22.565,7045.883
22.615,7070.292
22.665,7094.631
22.715,7118.903
22.765,7143.107
22.815,7167.244
22.865,7191.317
22.915,7215.325
22.965,7239.269
23.015,7263.148
23.065,7286.96
23.115,7310.706
23.165,7334.386
23.215,7358.001
23.265,7381.552
23.315,7405.04
23.365,7428.468
23.415,7451.833
23.465,7475.135
23.515,7498.372
23.565,7521.546
23.615,7544.656
23.665,7567.703
23.715,7590.69
23.765,7613.618
23.815,7636.485
23.865,7659.292
23.915,7682.039
23.965,7704.725
24.015,7727.349
24.065,7749.913
24.115,7772.416
24.165,7794.859
24.215,7817.244
24.265,7839.572
24.315,7861.841
24.365,7884.052
24.415,7906.204
24.465,7928.298
24.515,7950.333
24.565,7972.31
24.615,7994.23
24.665,8016.094
24.715,8037.902
24.765,8059.653
24.815,8081.347
24.865,8102.984
24.915,8124.565
24.965,8146.09
25.015,8167.559
25.065,8188.974
25.115,8210.335
25.165,8231.641
25.215,8252.892
25.265,8274.087
25.315,8295.228
25.365,8316.313
25.415,8337.345
25.465,8358.323
25.515,8379.248
25.565,8400.119
25.615,8420.938
25.665,8441.704
25.715,8462.417
25.765,8483.076
25.815,8503.682
25.865,8524.236
25.915,8544.738
25.965,8565.189
26.015,8585.589
26.065,8605.938
26.115,8626.235
26.165,8646.479
26.215,8666.671
26.265,8686.811
26.315,8706.901
26.365,8726.941
26.415,8746.932
26.465,8766.874
26.515,8786.767
26.565,8806.61
26.615,8826.403
26.665,8846.144
26.715,8865.834
26.765,8885.474
26.815,8905.065
26.865,8924.608
26.915,8944.104
26.965,8963.552
27.015,8982.953
27.065,9002.307
27.115,9021.611
27.165,9040.867
27.215,9060.073
27.265,9079.23
27.315,9098.34
27.365,9117.403
27.415,9136.42
27.465,9155.391
27.515,9174.316
27.565,9193.194
27.615,9212.024
27.665,9230.807
27.715,9249.542
27.765,9268.231
27.815,9286.875
27.865,9305.474
27.915,9324.027
27.965,9342.536
28.015,9360.999
28.065,9379.416
28.115,9397.789
28.165,9416.115
28.215,9434.397
28.265,9452.633
28.315,9470.824
28.365,9488.971
28.415,9507.074
28.465,9525.132
28.515,9543.146
28.565,9561.116
28.615,9579.043
28.665,9596.925
28.715,9614.765
28.765,9632.561
28.815,9650.314
28.865,9668.023
28.915,9685.687
28.965,9703.309
29.015,9720.887
29.065,9738.423
29.115,9755.916
29.165,9773.367
29.215,9790.776
29.265,9808.143
29.315,9825.468
29.365,9842.75
29.415,9859.99
29.465,9877.188
29.515,9894.343
29.565,9911.458
29.615,9928.531
29.665,9945.563
29.715,9962.554
29.765,9979.504
29.815,9996.412
29.865,1.001e4
29.915,1.003e4
29.965,1.005e4
30.015,1.006e4
30.065,1.008e4
30.115,1.01e4
30.165,1.011e4
30.215,1.013e4
30.265,1.015e4
30.315,1.016e4
30.365,1.018e4
30.415,1.02e4
30.465,1.021e4
30.515,1.023e4
30.565,1.025e4
30.615,1.026e4
30.665,1.028e4
30.715,1.029e4
30.765,1.031e4
30.815,1.033e4
30.865,1.034e4
30.915,1.036e4
30.965,1.037e4
31.015,1.039e4
31.065,1.041e4
31.115,1.042e4
31.165,1.044e4
31.215,1.045e4
31.265,1.047e4
31.315,1.048e4
31.365,1.05e4
31.415,1.052e4
31.465,1.053e4
31.515,1.055e4
31.565,1.056e4
31.615,1.058e4
31.665,1.059e4
31.715,1.061e4
31.765,1.062e4
31.815,1.064e4
31.865,1.066e4
31.915,1.067e4
31.965,1.069e4
32.015,1.07e4
32.065,1.072e4
32.115,1.073e4
32.165,1.075e4
32.215,1.076e4
32.265,1.078e4
32.315,1.079e4
32.365,1.081e4
32.415,1.082e4
32.465,1.084e4
32.515,1.085e4
32.565,1.087e4
32.615,1.088e4
32.665,1.09e4
32.715,1.091e4
32.765,1.092e4
32.815,1.094e4
32.865,1.095e4
32.915,1.097e4
32.965,1.098e4
33.015,1.1e4
33.065,1.101e4
33.115,1.103e4
33.165,1.104e4
33.215,1.105e4
33.265,1.107e4
33.315,1.108e4
33.365,1.11e4
33.415,1.111e4
33.465,1.113e4
33.515,1.114e4
33.565,1.115e4
33.615,1.117e4
33.665,1.118e4
33.715,1.12e4
33.765,1.121e4
33.815,1.122e4
33.865,1.124e4
33.915,1.125e4
33.965,1.127e4
34.015,1.128e4
34.065,1.129e4
34.115,1.131e4
34.165,1.132e4
34.215,1.133e4
34.265,1.135e4
34.315,1.136e4
34.365,1.137e4
34.415,1.139e4
34.465,1.14e4
34.515,1.142e4
34.565,1.143e4
34.615,1.144e4
34.665,1.146e4
34.715,1.147e4
34.765,1.148e4
34.815,1.15e4
34.865,1.151e4
34.915,1.152e4
34.965,1.153e4
35.015,1.155e4
35.065,1.156e4
35.115,1.157e4
35.165,1.159e4
35.215,1.16e4
35.265,1.161e4
35.315,1.163e4
35.365,1.164e4
35.415,1.165e4
35.465,1.166e4
35.515,1.168e4
35.565,1.169e4
35.615,1.17e4
35.665,1.172e4
35.715,1.173e4
35.765,1.174e4
35.815,1.175e4
35.865,1.177e4
35.915,1.178e4
35.965,1.179e4
36.015,1.18e4
36.065,1.182e4
36.115,1.183e4
36.165,1.184e4
36.215,1.185e4
36.265,1.186e4
36.315,1.188e4
36.365,1.189e4
36.415,1.19e4
36.465,1.191e4
36.515,1.193e4
36.565,1.194e4
36.615,1.195e4
36.665,1.196e4
36.715,1.197e4
36.765,1.199e4
36.815,1.2e4
36.865,1.201e4
36.915,1.202e4
36.965,1.203e4
37.015,1.205e4
37.065,1.206e4
37.115,1.207e4
37.165,1.208e4
37.215,1.209e4
37.265,1.21e4
37.315,1.212e4
37.365,1.213e4
37.415,1.214e4
37.465,1.215e4
37.515,1.216e4
37.565,1.217e4
37.615,1.218e4
37.665,1.22e4
37.715,1.221e4
37.765,1.222e4
37.815,1.223e4
37.865,1.224e4
37.915,1.225e4
37.965,1.226e4
38.015,1.228e4
38.065,1.229e4
38.115,1.23e4
38.165,1.231e4
38.215,1.232e4
38.265,1.233e4
38.315,1.234e4
38.365,1.235e4
38.415,1.236e4
38.465,1.238e4
38.515,1.239e4
38.565,1.24e4
38.615,1.241e4
38.665,1.242e4
38.715,1.243e4
38.765,1.244e4
38.815,1.245e4
38.865,1.246e4
38.915,1.247e4
38.965,1.248e4
39.015,1.249e4
39.065,1.25e4
39.115,1.252e4
39.165,1.253e4
39.215,1.254e4
39.265,1.255e4
39.315,1.256e4
39.365,1.257e4
39.415,1.258e4
39.465,1.259e4
39.515,1.26e4
39.565,1.261e4
39.615,1.262e4
39.665,1.263e4
39.715,1.264e4
39.765,1.265e4
39.815,1.266e4
39.865,1.267e4
39.915,1.268e4
39.965,1.269e4
40.015,1.27e4
40.065,1.271e4
40.115,1.272e4
40.165,1.273e4
40.215,1.274e4
40.265,1.275e4
40.315,1.276e4
40.365,1.277e4
40.415,1.278e4
40.465,1.279e4
40.515,1.28e4
40.565,1.281e4
40.615,1.282e4
40.665,1.283e4
40.715,1.284e4
40.765,1.285e4
40.815,1.286e4
40.865,1.287e4
40.915,1.288e4
40.965,1.289e4
41.015,1.29e4
41.065,1.291e4
41.115,1.291e4
41.165,1.292e4
41.215,1.293e4
41.265,1.294e4
41.315,1.295e4
41.365,1.296e4
41.415,1.297e4
41.465,1.298e4
41.515,1.299e4
41.565,1.3e4
41.615,1.301e4
41.665,1.302e4
41.715,1.303e4
41.765,1.303e4
41.815,1.304e4
41.865,1.305e4
41.915,1.306e4
41.965,1.307e4
42.015,1.308e4
42.065,1.309e4
42.115,1.31e4
42.165,1.311e4
42.215,1.312e4
42.265,1.312e4
42.315,1.313e4
42.365,1.314e4
42.415,1.315e4
42.465,1.316e4
42.515,1.317e4
42.565,1.318e4
42.615,1.318e4
42.665,1.319e4
42.715,1.32e4
42.765,1.321e4
42.815,1.322e4
42.865,1.323e4
42.915,1.324e4
42.965,1.324e4
43.015,1.325e4
43.065,1.326e4
43.115,1.327e4
43.165,1.328e4
43.215,1.329e4
43.265,1.329e4
43.315,1.33e4
43.365,1.331e4
43.415,1.332e4
43.465,1.333e4
43.515,1.334e4
43.565,1.334e4
43.615,1.335e4
43.665,1.336e4
43.715,1.337e4
43.765,1.338e4
43.815,1.338e4
43.865,1.339e4
43.915,1.34e4
43.965,1.341e4
44.015,1.342e4
44.065,1.342e4
44.115,1.343e4
44.165,1.344e4
44.215,1.345e4
44.265,1.345e4
44.315,1.346e4
44.365,1.347e4
44.415,1.348e4
44.465,1.348e4
44.515,1.349e4
44.565,1.35e4
44.615,1.351e4
44.665,1.351e4
44.715,1.352e4
44.765,1.353e4
44.815,1.354e4
44.865,1.354e4
44.915,1.355e4
44.965,1.356e4
45.015,1.357e4
45.065,1.357e4
45.115,1.358e4
45.165,1.359e4
45.215,1.36e4
45.265,1.36e4
45.315,1.361e4
45.365,1.362e4
45.415,1.362e4
45.465,1.363e4
45.515,1.364e4
45.565,1.365e4
45.615,1.365e4
45.665,1.366e4
45.715,1.367e4
45.765,1.367e4
45.815,1.368e4
45.865,1.369e4
45.915,1.369e4
45.965,1.37e4
46.015,1.371e4
46.065,1.371e4
46.115,1.372e4
46.165,1.373e4
46.215,1.373e4
46.265,1.374e4
46.315,1.375e4
46.365,1.375e4
46.415,1.376e4
46.465,1.377e4
46.515,1.377e4
46.565,1.378e4
46.615,1.379e4
46.665,1.379e4
46.715,1.38e4
46.765,1.381e4
46.815,1.381e4
46.865,1.382e4
46.915,1.383e4
46.965,1.383e4
47.015,1.384e4
47.065,1.384e4
47.115,1.385e4
47.165,1.386e4
47.215,1.386e4
47.265,1.387e4
47.315,1.388e4
47.365,1.388e4
47.415,1.389e4
47.465,1.389e4
47.515,1.39e4
47.565,1.391e4
47.615,1.391e4
47.665,1.392e4
47.715,1.392e4
47.765,1.393e4
47.815,1.394e4
47.865,1.394e4
47.915,1.395e4
47.965,1.395e4
48.015,1.396e4
48.065,1.396e4
48.115,1.397e4
48.165,1.398e4
48.215,1.398e4
48.265,1.399e4
48.315,1.399e4
48.365,1.4e4
48.415,1.4e4
48.465,1.401e4
48.515,1.401e4
48.565,1.402e4
48.615,1.403e4
48.665,1.403e4
48.715,1.404e4
48.765,1.404e4
48.815,1.405e4
48.865,1.405e4
48.915,1.406e4
48.965,1.406e4
49.015,1.407e4
49.065,1.407e4
49.115,1.408e4
49.165,1.408e4
49.215,1.409e4
49.265,1.409e4
49.315,1.41e4
49.365,1.41e4
49.415,1.411e4
49.465,1.411e4
49.515,1.412e4
49.565,1.412e4
49.615,1.413e4
49.665,1.413e4
49.715,1.414e4
49.765,1.414e4
49.815,1.415e4
49.865,1.415e4
49.915,1.416e4
49.965,1.416e4
50.015,1.417e4
50.065,1.417e4
50.115,1.418e4
50.165,1.418e4
50.215,1.419e4
50.265,1.419e4
50.315,1.42e4
50.365,1.42e4
50.415,1.421e4
50.465,1.421e4
50.515,1.421e4
50.565,1.422e4
50.615,1.422e4
50.665,1.423e4
50.715,1.423e4
50.765,1.424e4
50.815,1.424e4
50.865,1.425e4
50.915,1.425e4
50.965,1.425e4
51.015,1.426e4
51.065,1.426e4
51.115,1.427e4
51.165,1.427e4
51.215,1.427e4
51.265,1.428e4
51.315,1.428e4
51.365,1.429e4
51.415,1.429e4
51.465,1.43e4
51.515,1.43e4
51.565,1.43e4
51.615,1.431e4
51.665,1.431e4
51.715,1.431e4
51.765,1.432e4
51.815,1.432e4
51.865,1.433e4
51.915,1.433e4
51.965,1.433e4
52.015,1.434e4
52.065,1.434e4
52.115,1.435e4
52.165,1.435e4
52.215,1.435e4
52.265,1.436e4
52.315,1.436e4
52.365,1.436e4
52.415,1.437e4
52.465,1.437e4
52.515,1.437e4
52.565,1.438e4
52.615,1.438e4
52.665,1.438e4
52.715,1.439e4
52.765,1.439e4
52.815,1.439e4
52.865,1.44e4
52.915,1.44e4
52.965,1.44e4
53.015,1.441e4
53.065,1.441e4
53.115,1.441e4
53.165,1.442e4
53.215,1.442e4
53.265,1.442e4
53.315,1.443e4
53.365,1.443e4
53.415,1.443e4
53.465,1.444e4
53.515,1.444e4
53.565,1.444e4
53.615,1.444e4
53.665,1.445e4
53.715,1.445e4
53.765,1.445e4
53.815,1.446e4
53.865,1.446e4
53.915,1.446e4
53.965,1.446e4
54.015,1.447e4
54.065,1.447e4
54.115,1.447e4
54.165,1.448e4
54.215,1.448e4
54.265,1.448e4
54.315,1.448e4
54.365,1.449e4
54.415,1.449e4
54.465,1.449e4
54.515,1.449e4
54.565,1.45e4
54.615,1.45e4
54.665,1.45e4
54.715,1.45e4
54.765,1.451e4
54.815,1.451e4
54.865,1.451e4
54.915,1.451e4
54.965,1.451e4
55.015,1.452e4
55.065,1.452e4
55.115,1.452e4
55.165,1.452e4
55.215,1.453e4
55.265,1.453e4
55.315,1.453e4
55.365,1.453e4
55.415,1.453e4
55.465,1.454e4
55.515,1.454e4
55.565,1.454e4
55.615,1.454e4
55.665,1.454e4
55.715,1.455e4
55.765,1.455e4
55.815,1.455e4
55.865,1.455e4
55.915,1.455e4
55.965,1.456e4
56.015,1.456e4
56.065,1.456e4
56.115,1.456e4
56.165,1.456e4
56.215,1.456e4
56.265,1.457e4
56.315,1.457e4
56.365,1.457e4
56.415,1.457e4
56.465,1.457e4
56.515,1.457e4
56.565,1.457e4
56.615,1.458e4
56.665,1.458e4
56.715,1.458e4
56.765,1.458e4
56.815,1.458e4
56.865,1.458e4
56.915,1.458e4
56.965,1.459e4
57.015,1.459e4
57.065,1.459e4
57.115,1.459e4
57.165,1.459e4
57.215,1.459e4
57.265,1.459e4
57.315,1.459e4
57.365,1.46e4
57.415,1.46e4
57.465,1.46e4
57.515,1.46e4
57.565,1.46e4
57.615,1.46e4
57.665,1.46e4
57.715,1.46e4
57.765,1.46e4
57.815,1.46e4
57.865,1.46e4
57.915,1.461e4
57.965,1.461e4
58.015,1.461e4
58.065,1.461e4
58.115,1.461e4
58.165,1.461e4
58.215,1.461e4
58.265,1.461e4
58.315,1.461e4
58.365,1.461e4
58.415,1.461e4
58.465,1.461e4
58.515,1.461e4
58.565,1.461e4
58.615,1.461e4
58.665,1.462e4
58.715,1.462e4
58.765,1.462e4
58.815,1.462e4
58.865,1.462e4
58.915,1.462e4
58.965,1.462e4
59.015,1.462e4
59.065,1.462e4
59.115,1.462e4
59.165,1.462e4
59.215,1.462e4
59.265,1.462e4
59.315,1.462e4
59.365,1.462e4
59.415,1.462e4
59.465,1.462e4
59.515,1.462e4
59.565,1.462e4
59.615,1.462e4
59.665,1.462e4
59.667,1.462e4
59.722,1.462e4
59.802,1.462e4
59.926,1.462e4
60.057,1.462e4
60.152,1.462e4
60.283,1.462e4
60.453,1.462e4
60.586,1.461e4
60.713,1.461e4
60.926,1.461e4
61.149,1.461e4
61.338,1.461e4
61.503,1.46e4
61.795,1.46e4
62.295,1.459e4
62.578,1.458e4
62.948,1.457e4
63.334,1.456e4
63.834,1.455e4
64.334,1.453e4
64.834,1.451e4
65.334,1.45e4
65.834,1.448e4
66.334,1.446e4
66.834,1.443e4
67.334,1.441e4
67.834,1.439e4
68.334,1.436e4
68.834,1.434e4
69.334,1.431e4
69.834,1.429e4
70.334,1.426e4
70.834,1.423e4
71.334,1.42e4
71.834,1.418e4
72.334,1.415e4
72.834,1.412e4
73.334,1.409e4
73.834,1.406e4
74.334,1.403e4
74.834,1.4e4
75.334,1.397e4
75.834,1.395e4
76.334,1.392e4
76.834,1.389e4
77.334,1.386e4
77.834,1.383e4
78.334,1.38e4
78.834,1.377e4
79.334,1.374e4
79.834,1.371e4
80.334,1.368e4
80.834,1.365e4
81.334,1.362e4
81.834,1.359e4
82.334,1.357e4
82.834,1.354e4
83.334,1.351e4
83.834,1.348e4
84.334,1.345e4
84.834,1.342e4
85.334,1.339e4
85.834,1.336e4
86.334,1.333e4
86.834,1.331e4
87.334,1.328e4
87.834,1.325e4
88.334,1.322e4
88.834,1.319e4
89.334,1.316e4
89.834,1.314e4
90.334,1.311e4
90.834,1.308e4
91.334,1.305e4
91.834,1.302e4
92.334,1.3e4
92.834,1.297e4
93.334,1.294e4
93.834,1.291e4
94.334,1.289e4
94.834,1.286e4
95.334,1.283e4
95.834,1.28e4
96.334,1.278e4
96.834,1.275e4
97.334,1.272e4
97.834,1.269e4
98.334,1.267e4
98.834,1.264e4
99.334,1.261e4
99.834,1.259e4
100.334,1.256e4
100.834,1.253e4
101.334,1.251e4
101.834,1.248e4
102.334,1.245e4
102.834,1.243e4
103.334,1.24e4
103.834,1.237e4
104.334,1.235e4
104.834,1.232e4
105.334,1.229e4
105.834,1.227e4
106.334,1.224e4
106.834,1.222e4
107.334,1.219e4
107.834,1.216e4
108.334,1.214e4
108.834,1.211e4
109.334,1.209e4
109.834,1.206e4
110.334,1.203e4
110.834,1.201e4
111.334,1.198e4
111.834,1.196e4
112.334,1.193e4
112.834,1.191e4
113.334,1.188e4
113.834,1.186e4
114.334,1.183e4
114.834,1.18e4
115.334,1.178e4
115.834,1.175e4
116.334,1.173e4
116.834,1.17e4
117.334,1.168e4
117.834,1.165e4
118.334,1.163e4
118.834,1.16e4
119.334,1.158e4
119.834,1.155e4
120.334,1.153e4
120.834,1.15e4
121.334,1.148e4
121.834,1.146e4
122.334,1.143e4
122.834,1.141e4
123.334,1.138e4
123.834,1.136e4
124.334,1.133e4
124.834,1.131e4
125.334,1.128e4
125.834,1.126e4
126.334,1.124e4
126.834,1.121e4
127.334,1.119e4
127.834,1.116e4
128.334,1.114e4
128.834,1.112e4
129.334,1.109e4
129.834,1.107e4
130.334,1.104e4
130.834,1.102e4
131.334,1.1e4
131.834,1.097e4
132.334,1.095e4
132.834,1.093e4
133.334,1.09e4
133.834,1.088e4
134.334,1.086e4
134.834,1.083e4
135.334,1.081e4
135.834,1.079e4
136.334,1.076e4
136.834,1.074e4
137.334,1.072e4
137.834,1.069e4
138.334,1.067e4
138.834,1.065e4
139.334,1.062e4
139.834,1.06e4
140.334,1.058e4
140.834,1.056e4
141.334,1.053e4
141.834,1.051e4
142.334,1.049e4
142.834,1.046e4
143.334,1.044e4
143.834,1.042e4
144.334,1.04e4
144.834,1.037e4
145.334,1.035e4
145.834,1.033e4
146.334,1.031e4
146.834,1.028e4
147.334,1.026e4
147.834,1.024e4
148.334,1.022e4
148.834,1.019e4
149.334,1.017e4
149.834,1.015e4
150.334,1.013e4
150.834,1.011e4
151.334,1.008e4
151.834,1.006e4
152.334,1.004e4
152.834,1.002e4
153.334,9996.158
153.834,9974.222
154.334,9952.316
154.834,9930.441
155.334,9908.598
155.834,9886.786
156.334,9865.003
156.834,9843.248
157.334,9821.523
157.834,9799.827
158.334,9778.161
158.834,9756.524
159.334,9734.917
159.834,9713.34
160.334,9691.793
160.834,9670.276
161.334,9648.79
161.834,9627.332
162.334,9605.904
162.834,9584.506
163.334,9563.135
163.834,9541.794
164.334,9520.482
164.834,9499.198
165.334,9477.943
165.834,9456.715
166.334,9435.515
166.834,9414.343
167.334,9393.199
167.834,9372.083
168.334,9350.995
168.834,9329.933
169.334,9308.9
169.834,9287.893
170.334,9266.915
170.834,9245.964
171.334,9225.04
171.834,9204.144
172.334,9183.276
172.834,9162.435
173.334,9141.621
173.834,9120.835
174.334,9100.075
174.834,9079.343
175.334,9058.638
175.834,9037.96
176.334,9017.308
176.834,8996.682
177.334,8976.082
177.834,8955.508
178.334,8934.962
178.834,8914.442
179.334,8893.947
179.834,8873.477
180.334,8853.032
180.834,8832.612
181.334,8812.217
181.834,8791.847
182.334,8771.504
182.834,8751.188
183.334,8730.897
183.834,8710.632
184.334,8690.392
184.834,8670.179
185.334,8649.991
185.834,8629.829
186.334,8609.692
186.834,8589.579
187.334,8569.491
187.834,8549.426
188.334,8529.386
188.834,8509.371
189.334,8489.379
189.834,8469.412
190.334,8449.469
190.834,8429.549
191.334,8409.653
191.834,8389.78
192.334,8369.931
192.834,8350.106
193.334,8330.304
193.834,8310.526
194.334,8290.772
194.834,8271.041
195.334,8251.335
195.834,8231.652
196.334,8211.993
196.834,8192.357
197.334,8172.745
197.834,8153.158
198.334,8133.596
198.834,8114.057
199.334,8094.541
199.834,8075.047
200.334,8055.575
200.834,8036.126
201.334,8016.701
201.834,7997.298
202.334,7977.917
202.834,7958.558
203.334,7939.221
203.834,7919.906
204.334,7900.613
204.834,7881.342
205.334,7862.092
205.834,7842.865
206.334,7823.66
206.834,7804.477
207.334,7785.317
207.834,7766.179
208.334,7747.062
208.834,7727.967
209.334,7708.894
209.834,7689.844
210.334,7670.816
210.834,7651.81
211.334,7632.827
211.834,7613.867
212.334,7594.929
212.834,7576.012
213.334,7557.115
213.834,7538.24
214.334,7519.384
214.834,7500.549
215.334,7481.734
215.834,7462.939
216.334,7444.165
216.834,7425.41
217.334,7406.676
217.834,7387.963
218.334,7369.271
218.834,7350.598
219.334,7331.946
219.834,7313.314
220.334,7294.702
220.834,7276.111
221.334,7257.541
221.834,7238.993
222.334,7220.465
222.834,7201.958
223.334,7183.47
223.834,7165.002
224.334,7146.555
224.834,7128.129
225.334,7109.724
225.834,7091.338
226.334,7072.972
226.834,7054.625
227.334,7036.297
227.834,7017.989
228.334,6999.699
228.834,6981.429
229.334,6963.178
229.834,6944.946
230.334,6926.737
230.834,6908.547
231.334,6890.375
231.834,6872.221
232.334,6854.084
232.834,6835.966
233.334,6817.866
233.834,6799.785
234.334,6781.723
234.834,6763.681
235.334,6745.657
235.834,6727.654
236.334,6709.67
236.834,6691.704
237.334,6673.757
237.834,6655.829
238.334,6637.919
238.834,6620.028
239.334,6602.156
239.834,6584.302
240.334,6566.467
240.834,6548.651
241.334,6530.853
241.834,6513.073
242.334,6495.311
242.834,6477.567
243.334,6459.841
243.834,6442.133
244.334,6424.442
244.834,6406.77
245.334,6389.116
245.834,6371.48
246.334,6353.86
246.834,6336.258
247.334,6318.673
247.834,6301.106
248.334,6283.557
248.834,6266.025
249.334,6248.511
249.834,6231.015
250.334,6213.537
250.834,6196.076
251.334,6178.633
251.834,6161.207
252.334,6143.799
252.834,6126.408
253.334,6109.035
253.834,6091.679
254.334,6074.341
254.834,6057.02
255.334,6039.716
255.834,6022.428
256.334,6005.156
256.834,5987.901
257.334,5970.663
257.834,5953.442
258.334,5936.237
258.834,5919.048
259.334,5901.876
259.834,5884.721
260.334,5867.582
260.834,5850.46
261.334,5833.356
261.834,5816.27
262.334,5799.202
262.834,5782.149
263.334,5765.111
263.834,5748.089
264.334,5731.083
264.834,5714.095
265.334,5697.124
265.834,5680.169
266.334,5663.231
266.834,5646.308
267.334,5629.4
267.834,5612.508
268.334,5595.634
268.834,5578.777
269.334,5561.934
269.834,5545.107
270.334,5528.297
270.834,5511.502
271.334,5494.723
271.834,5477.961
272.334,5461.215
272.834,5444.483
273.334,5427.766
273.834,5411.065
274.334,5394.378
274.834,5377.705
275.334,5361.047
275.834,5344.405
276.334,5327.778
276.834,5311.167
277.334,5294.571
277.834,5277.991
278.334,5261.426
278.834,5244.877
279.334,5228.344
279.834,5211.825
280.334,5195.321
280.834,5178.833
281.334,5162.36
281.834,5145.903
282.334,5129.46
282.834,5113.033
283.334,5096.619
283.834,5080.222
284.334,5063.84
284.834,5047.473
285.334,5031.12
285.834,5014.783
286.334,4998.459
286.834,4982.15
287.334,4965.855
287.834,4949.575
288.334,4933.31
288.834,4917.061
289.334,4900.825
289.834,4884.604
290.334,4868.397
290.834,4852.204
291.334,4836.027
291.834,4819.865
292.334,4803.715
292.834,4787.581
293.334,4771.462
293.834,4755.359
294.334,4739.272
294.834,4723.198
295.334,4707.137
295.834,4691.089
296.334,4675.055
296.834,4659.036
297.334,4643.03
297.834,4627.037
298.334,4611.058
298.834,4595.092
299.334,4579.141
299.834,4563.203
300.334,4547.281
300.834,4531.373
301.334,4515.477
301.834,4499.595
302.334,4483.726
302.834,4467.87
303.334,4452.027
303.834,4436.198
304.334,4420.382
304.834,4404.58
305.334,4388.79
305.834,4373.015
306.334,4357.256
306.834,4341.509
307.334,4325.775
307.834,4310.054
308.334,4294.348
308.834,4278.655
309.334,4262.976
309.834,4247.309
310.334,4231.655
310.834,4216.014
311.334,4200.387
311.834,4184.774
312.334,4169.175
312.834,4153.588
313.334,4138.013
313.834,4122.452
314.334,4106.903
314.834,4091.368
315.334,4075.848
315.834,4060.341
316.334,4044.846
316.834,4029.364
317.334,4013.894
317.834,3998.436
318.334,3982.991
318.834,3967.559
319.334,3952.143
319.834,3936.742
320.334,3921.353
320.834,3905.977
321.334,3890.611
321.834,3875.256
322.334,3859.913
322.834,3844.581
323.334,3829.261
323.834,3813.954
324.334,3798.659
324.834,3783.377
325.334,3768.11
325.834,3752.856
326.334,3737.613
326.834,3722.383
327.334,3707.165
327.834,3691.96
328.334,3676.767
328.834,3661.586
329.334,3646.418
329.834,3631.264
330.334,3616.123
330.834,3600.993
331.334,3585.875
331.834,3570.768
332.334,3555.673
332.834,3540.591
333.334,3525.522
333.834,3510.465
334.334,3495.42
334.834,3480.386
335.334,3465.365
335.834,3450.355
336.334,3435.355
336.834,3420.367
337.334,3405.39
337.834,3390.426
338.334,3375.474
338.834,3360.535
339.334,3345.606
339.834,3330.687
340.334,3315.782
340.834,3300.891
341.334,3286.011
341.834,3271.142
342.334,3256.286
342.834,3241.441
343.334,3226.609
343.834,3211.789
344.334,3196.982
344.834,3182.184
345.334,3167.397
345.834,3152.622
346.334,3137.858
346.834,3123.105
347.334,3108.363
347.834,3093.633
348.334,3078.915
348.834,3064.208
349.334,3049.513
349.834,3034.828
350.334,3020.155
350.834,3005.493
351.334,2990.842
351.834,2976.202
352.334,2961.574
352.834,2946.958
353.334,2932.355
353.834,2917.764
354.334,2903.186
354.834,2888.616
355.334,2874.057
355.834,2859.507
356.334,2844.966
356.834,2830.437
357.334,2815.919
357.834,2801.412
358.334,2786.915
358.834,2772.428
359.334,2757.953
359.834,2743.488
360.334,2729.035
360.834,2714.592
361.334,2700.161
361.834,2685.74
362.334,2671.33
362.834,2656.931
363.334,2642.543
363.834,2628.165
364.334,2613.799
364.834,2599.443
365.334,2585.097
365.834,2570.763
366.334,2556.442
366.834,2542.14
367.334,2527.853
367.834,2513.578
368.334,2499.312
368.834,2485.05
369.334,2470.797
369.834,2456.552
370.334,2442.316
370.834,2428.09
371.334,2413.879
371.834,2399.68
372.334,2385.487
372.834,2371.302
373.334,2357.126
373.834,2342.96
374.334,2328.805
374.834,2314.66
375.334,2300.526
375.834,2286.402
376.334,2272.289
376.834,2258.187
377.334,2244.094
377.834,2230.01
378.334,2215.936
378.834,2201.872
379.334,2187.818
379.834,2173.775
380.334,2159.741
380.834,2145.717
381.334,2131.704
381.834,2117.703
382.334,2103.711
382.834,2089.73
383.334,2075.757
383.834,2061.795
384.334,2047.843
384.834,2033.9
385.334,2019.97
385.834,2006.051
386.334,1992.141
386.834,1978.239
387.334,1964.346
387.834,1950.463
388.334,1936.589
388.834,1922.726
389.334,1908.874
389.834,1895.031
390.334,1881.197
390.834,1867.371
391.334,1853.554
391.834,1839.747
392.334,1825.951
392.834,1812.163
393.334,1798.386
393.834,1784.62
394.334,1770.863
394.834,1757.116
395.334,1743.378
395.834,1729.651
396.334,1715.933
396.834,1702.225
397.334,1688.526
397.834,1674.837
398.334,1661.159
398.834,1647.491
399.334,1633.833
399.834,1620.184
400.334,1606.546
400.834,1592.915
401.334,1579.292
401.834,1565.679
402.334,1552.074
402.834,1538.478
403.334,1524.891
403.834,1511.314
404.334,1497.746
404.834,1484.187
405.334,1470.637
405.834,1457.097
406.334,1443.564
406.834,1430.043
407.334,1416.535
407.834,1403.036
408.334,1389.545
408.834,1376.061
409.334,1362.586
409.834,1349.121
410.334,1335.667
410.834,1322.221
411.334,1308.783
411.834,1295.353
412.334,1281.932
412.834,1268.519
413.334,1255.115
413.834,1241.72
414.334,1228.334
414.834,1214.957
415.334,1201.59
415.834,1188.233
416.334,1174.884
416.834,1161.545
417.334,1148.215
417.834,1134.894
418.334,1121.581
418.834,1108.277
419.334,1094.982
419.834,1081.695
420.334,1068.416
420.834,1055.147
421.334,1041.886
421.834,1028.633
422.334,1015.389
422.834,1002.154
423.334,988.928
423.834,975.714
424.283,963.859
424.783,950.663
425.283,937.482
425.783,924.312
426.283,911.145
426.783,897.983
427.283,884.827
427.783,871.679
428.283,858.539
428.783,845.406
429.283,832.281
429.783,819.164
430.283,806.056
430.783,792.956
431.283,779.865
431.783,766.782
432.283,753.708
432.783,740.643
433.283,727.589
433.783,714.545
434.283,701.509
434.783,688.481
435.283,675.46
435.783,662.447
436.283,649.441
436.783,636.444
437.283,623.456
437.783,610.477
438.283,597.505
438.783,584.542
438.784,584.506
438.785,584.48
438.786,584.455
438.787,584.431
438.788,584.407
438.789,584.383
438.79,584.359
438.791,584.335
438.792,584.312
438.793,584.29
438.794,584.267
438.795,584.245
438.796,584.223
438.797,584.201
438.798,584.179
438.799,584.158
438.8,584.137
438.801,584.116
438.802,584.096
438.803,584.075
438.804,584.055
438.805,584.035
438.806,584.015
438.807,583.996
438.808,583.976
438.809,583.957
438.81,583.938
438.811,583.919
438.812,583.901
438.813,583.882
438.814,583.864
438.815,583.846
438.816,583.828
438.817,583.81
438.818,583.792
438.819,583.775
438.82,583.758
438.821,583.74
438.822,583.723
438.823,583.707
438.824,583.69
438.825,583.673
438.826,583.657
438.827,583.64
438.828,583.624
438.829,583.608
438.83,583.592
438.831,583.576
438.832,583.561
438.833,583.545
438.834,583.53
438.835,583.514
438.836,583.499
438.837,583.484
438.838,583.469
438.839,583.454
438.84,583.44
438.841,583.425
438.842,583.41
438.843,583.396
438.844,583.382
438.845,583.367
438.846,583.353
438.847,583.339
438.848,583.325
438.849,583.311
438.85,583.298
438.851,583.284
438.852,583.27
438.853,583.257
438.854,583.244
438.855,583.23
438.856,583.217
438.857,583.204
438.858,583.191
438.859,583.178
438.86,583.165
438.861,583.152
438.862,583.139
438.863,583.127
438.864,583.114
438.865,583.102
438.866,583.089
438.867,583.077
438.868,583.064
438.869,583.051
438.87,583.038
438.872,583.025
438.873,583.012
438.874,582.998
438.875,582.985
438.876,582.971
438.877,582.957
438.879,582.942
438.88,582.928
438.881,582.913
438.882,582.898
438.884,582.883
438.885,582.867
438.887,582.851
438.888,582.835
438.89,582.819
438.891,582.802
438.893,582.785
438.894,582.768
438.896,582.751
438.898,582.733
438.899,582.714
438.901,582.696
438.903,582.677
438.905,582.657
438.907,582.637
438.909,582.617
438.911,582.596
438.913,582.574
438.915,582.553
438.918,582.53
438.92,582.507
438.923,582.484
438.925,582.46
438.928,582.435
438.931,582.41
438.933,582.384
438.936,582.358
438.939,582.33
438.943,582.302
438.946,582.273
438.949,582.243
438.953,582.212
438.957,582.18
438.961,582.148
438.965,582.114
438.969,582.079
438.974,582.042
438.979,582.004
438.984,581.965
438.989,581.924
438.995,581.881
439.001,581.836
439.008,581.789
439.015,581.74
439.022,581.688
439.03,581.633
439.039,581.575
439.048,581.514
439.058,581.448
439.068,581.384
439.079,581.318
439.09,581.247
439.103,581.171
439.118,581.082
439.135,580.985
439.154,580.877
439.177,580.754
439.203,580.616
439.234,580.457
439.271,580.273
439.3,580.133
439.319,580.039
439.341,579.934
439.365,579.824
439.398,579.67
439.442,579.47
439.552,578.976
439.71,578.291
439.884,577.547
440.078,576.717
440.147,576.427
440.626,574.43
440.677,574.224
441.14,572.395
441.203,572.149
441.318,571.684
441.415,571.284
441.713,570.017
441.986,568.845
442.486,566.705
442.739,565.629
442.91,564.906
442.993,564.551
443.135,563.946
443.227,563.554
443.317,563.17
443.407,562.786
443.727,561.419
444.164,559.548
444.664,557.41
444.997,555.997
445.188,555.187
445.341,554.534
445.841,552.4
446.053,551.506
446.131,551.182
446.204,550.871
446.704,548.73
447.053,547.236
447.553,545.102
448.053,542.969
448.553,540.828
448.903,539.335
449.271,537.767
449.771,535.637
449.888,535.148
450.131,534.131
450.226,533.731
450.478,532.664
450.978,530.528
451.089,530.059
451.225,529.492
451.273,529.294
451.688,527.53
451.808,527.012
452.092,525.808
452.2,525.349
452.266,525.07
452.376,524.601
452.876,522.475
453.023,521.85
453.093,521.554
453.196,521.119
453.291,520.712
453.49,519.864
453.56,519.566
453.748,518.767
453.808,518.513
453.836,518.396
453.94,517.955
453.978,517.796
454.102,517.276
454.156,517.05
454.202,516.855
454.323,516.339
454.823,514.203
455.073,513.138
455.197,512.616
455.603,510.881
455.799,510.049
456.008,509.162
456.15,508.559
456.255,508.113
456.755,505.992
456.838,505.648
456.855,505.575
456.895,505.412
456.992,505.014
457.066,504.706
457.177,504.238
457.397,503.307
457.482,502.947
457.982,500.839
458.272,499.609
458.474,498.743
458.613,498.154
458.801,497.349
459.069,496.207
459.293,495.253
459.608,493.911
459.744,493.331
460.244,491.23
460.357,490.758
460.857,488.648
461.207,487.16
461.435,486.189
461.725,484.964
462.225,482.839
462.337,482.366
462.425,481.998
462.566,481.416
462.628,481.159
462.703,480.847
462.757,480.622
462.946,479.829
463.03,479.475
463.264,478.483
463.554,477.245
463.98,475.431
464.177,474.594
464.332,473.939
464.405,473.626
464.501,473.219
464.628,472.682
464.832,471.81
465.149,470.464
465.291,469.861
465.402,469.391
465.548,468.775
465.784,467.775
465.93,467.152
466.024,466.755
466.524,464.632
466.687,463.943
467.187,461.83
467.452,460.723
467.519,460.447
467.625,460.003
467.797,459.278
468.163,457.722
468.315,457.077
468.597,455.882
468.656,455.633
468.694,455.47
468.734,455.307
468.757,455.209
468.788,455.08
468.847,454.834
468.875,454.716
468.935,454.463
469.435,452.339
469.935,450.229
470.022,449.87
470.063,449.702
470.563,447.593
470.816,446.512
471.049,445.522
471.221,444.791
471.335,444.308
471.41,443.99
471.489,443.651
471.572,443.301
471.673,442.871
471.811,442.286
471.981,441.561
472.128,440.94
472.226,440.52
472.332,440.071
472.832,437.945
473.332,435.822
473.696,434.291
473.762,434.016
473.788,433.906
473.814,433.797
474.058,432.771
474.383,431.398
474.539,430.735
475.039,428.614
475.359,427.256
475.859,425.131
476.359,423.006
476.697,421.574
477.197,419.459
477.383,418.672
477.514,418.115
478.014,415.99
478.514,413.87
478.7,413.087
479.2,410.983
479.453,409.913
479.692,408.898
479.971,407.713
480.254,406.515
480.754,404.394
480.851,403.982
480.907,403.749
481.019,403.284
481.109,402.906
481.156,402.711
481.477,401.36
481.605,400.822
481.931,399.442
482.045,398.963
482.113,398.68
482.157,398.498
482.192,398.352
482.291,397.94
482.352,397.685
482.398,397.492
482.773,395.904
482.942,395.186
483.02,394.856
483.091,394.553
483.164,394.247
483.22,394.009
483.72,391.903
484.073,390.409
484.326,389.333
484.403,389.005
484.578,388.271
484.714,387.696
484.777,387.431
484.943,386.733
484.991,386.532
485.052,386.275
485.086,386.132
485.124,385.974
485.286,385.291
485.358,384.987
485.412,384.758
485.475,384.492
485.56,384.132
486.06,382.013
486.312,380.946
486.52,380.071
486.567,379.874
486.597,379.75
486.661,379.481
487.082,377.735
487.502,375.973
487.627,375.443
487.728,375.017
487.778,374.807
487.9,374.29
487.984,373.935
488.073,373.564
488.202,373.022
488.31,372.566
488.447,371.988
488.502,371.757
488.53,371.638
488.575,371.451
489.075,369.334
489.25,368.594
489.329,368.261
489.351,368.17
489.519,367.464
489.701,366.695
489.792,366.31
490.078,365.103
490.578,362.992
490.725,362.37
491.225,360.283
491.522,359.036
491.665,358.429
491.852,357.636
491.981,357.088
492.069,356.716
492.123,356.492
492.243,355.986
492.382,355.398
492.729,353.929
492.796,353.646
492.825,353.525
492.854,353.406
492.894,353.238
492.936,353.061
493.241,351.784
493.342,351.36
493.407,351.085
493.7,349.846
494.146,347.959
494.385,346.951
494.607,346.014
494.683,345.695
494.727,345.51
494.769,345.334
494.817,345.132
494.877,344.878
494.982,344.436
495.264,343.246
495.339,342.929
495.402,342.668
495.443,342.495
495.47,342.381
495.541,342.088
495.573,341.956
495.816,340.936
495.955,340.35
495.985,340.225
496.019,340.084
496.097,339.756
496.189,339.369
496.258,339.081
496.312,338.852
496.451,338.267
496.506,338.037
496.545,337.871
496.601,337.634
496.706,337.192
496.84,336.625
496.919,336.292
496.962,336.112
497.143,335.348
497.643,333.232
498.059,331.475
498.559,329.375
498.975,327.618
499.475,325.507
499.625,324.878
499.709,324.529
500.191,322.494
500.559,320.936
500.87,319.625
501.045,318.888
501.095,318.678
501.118,318.584
501.182,318.315
501.24,318.07
501.321,317.732
501.821,315.65
501.926,315.214
502.156,314.253
502.656,312.164
502.833,311.423
502.882,311.218
502.948,310.942
503.127,310.202
503.171,310.018
503.281,309.562
503.392,309.094
503.892,306.979
504.269,305.39
504.46,304.587
504.651,303.781
505.042,302.133
505.542,300.02
506.033,297.952
506.121,297.583
506.222,297.168
506.254,297.035
506.319,296.764
506.391,296.465
506.456,296.194
506.63,295.464
506.707,295.14
506.761,294.915
506.9,294.332
507.013,293.859
507.234,292.927
507.734,290.815
507.891,290.157
507.939,289.958
508.041,289.53
508.236,288.712
508.467,287.738
508.967,285.628
509.467,283.517
509.967,281.407
510.26,280.174
510.76,278.088
510.872,277.622
511.035,276.946
511.535,274.893
511.625,274.525
511.676,274.314
511.993,272.986
512.069,272.663
512.116,272.47
512.616,270.401
512.744,269.87
512.832,269.505
513.021,268.723
513.521,266.659
513.622,266.24
514.122,264.146
514.284,263.464
514.407,262.946
514.907,260.837
515.199,259.613
515.371,258.892
515.871,256.783
516.371,254.679
516.871,252.586
516.983,252.117
517.481,250.069
517.611,249.533
517.915,248.258
518.415,246.156
518.915,244.061
519.239,242.72
519.417,241.985
519.477,241.736
519.565,241.368
519.629,241.101
520.004,239.567
520.081,239.257
520.182,238.839
520.231,238.638
520.606,237.063
521.07,235.108
521.347,233.954
521.847,231.87
522.011,231.188
522.093,230.842
522.126,230.704
522.177,230.489
522.252,230.18
522.317,229.906
522.375,229.666
522.473,229.256
522.584,228.794
522.665,228.452
522.912,227.418
522.984,227.116
523.025,226.946
523.225,226.122
523.267,225.95
523.378,225.493
523.556,224.748
523.748,223.946
523.939,223.147
524.116,222.403
524.383,221.283
524.446,221.019
524.474,220.899
524.578,220.468
524.61,220.331
524.685,220.021
524.988,218.762
525.488,216.697
525.563,216.389
525.658,216.001
525.711,215.786
525.871,215.13
525.976,214.701
526.112,214.15
526.159,213.96
526.223,213.701
526.397,212.983
526.816,211.238
526.966,210.611
527.466,208.514
527.728,207.428
527.826,207.023
527.885,206.779
527.974,206.405
528.007,206.267
528.507,204.189
528.628,203.69
529.04,201.971
529.298,200.889
529.798,198.788
530.298,196.686
530.798,194.587
531.298,192.494
531.798,190.395
531.928,189.851
531.986,189.61
532.101,189.132
532.173,188.829
532.316,188.234
532.52,187.386
532.637,186.902
532.72,186.558
532.774,186.335
532.823,186.13
533.323,184.027
533.814,181.983
534.092,180.824
534.463,179.265
534.558,178.872
534.649,178.498
535.047,176.907
535.113,176.647
535.194,176.317
535.367,175.604
535.482,175.124
535.567,174.771
535.683,174.283
535.748,174.013
535.799,173.8
535.977,173.054
536.182,172.2
536.31,171.664
536.497,170.882
536.997,168.782
537.4,167.096
537.9,165.013
538.4,162.917
538.614,162.022
538.957,160.586
539.077,160.084
539.211,159.524
539.268,159.284
539.379,158.82
539.533,158.18
539.742,157.305
540.242,155.208
540.742,153.113
541.096,151.629
541.217,151.128
541.389,150.424
541.466,150.112
541.507,149.943
541.559,149.729
541.807,148.701
542.238,146.894
542.411,146.171
542.565,145.538
542.68,145.067
542.785,144.636
543.285,142.545
543.489,141.688
543.989,139.597
544.231,138.597
544.42,137.818
544.558,137.244
544.863,135.971
545.249,134.353
545.515,133.247
545.719,132.399
546.014,131.162
546.514,129.069
547.014,126.974
547.514,124.88
548.014,122.792
548.186,122.074
548.568,120.484
548.933,118.956
549.084,118.324
549.298,117.436
549.798,115.349
549.877,115.018
550.091,114.154
550.137,113.974
550.356,113.077
550.548,112.273
550.902,110.795
551.044,110.201
551.1,109.969
551.6,107.88
551.689,107.508
551.746,107.277
551.765,107.198
551.88,106.734
551.953,106.437
551.988,106.296
552.01,106.207
552.043,106.071
552.097,105.849
552.15,105.632
552.189,105.472
552.233,105.29
552.344,104.833
552.404,104.585
552.904,102.49
553.207,101.222
553.422,100.334
553.515,99.949
553.569,99.727
553.643,99.417
553.756,98.947
553.986,97.989
554.045,97.744
554.063,97.668
554.125,97.411
554.171,97.223
554.211,97.057
554.477,95.948
554.856,94.363
555.356,92.272
555.793,90.45
555.881,90.087
555.939,89.849
556.293,88.387
556.335,88.216
556.404,87.938
556.444,87.777
556.466,87.686
556.513,87.496
556.642,86.969
557.142,84.888
557.441,83.633
557.545,83.202
557.572,83.091
557.707,82.533
557.839,81.981
558.339,79.902
558.516,79.166
558.59,78.861
558.738,78.256
558.779,78.09
558.827,77.894
558.994,77.206
559.114,76.71
559.274,76.042
559.343,75.755
559.476,75.203
559.515,75.039
559.653,74.469
559.71,74.23
559.871,73.558
560.371,71.47
560.463,71.093
560.545,70.761
560.577,70.633
560.617,70.473
560.653,70.327
560.685,70.193
560.75,69.928
560.936,69.157
561.436,67.069
561.597,66.402
562.097,64.356
562.323,63.424
562.491,62.72
562.584,62.334
563.084,60.253
563.203,59.761
563.28,59.444
563.321,59.272
563.471,58.65
563.53,58.408
563.613,58.062
563.674,57.807
563.775,57.389
563.937,56.712
564.006,56.427
564.354,54.979
564.436,54.639
564.653,53.747
564.783,53.209
564.827,53.028
564.906,52.703
564.984,52.38
565.064,52.047
565.256,51.249
565.756,49.162
566.029,48.028
566.256,47.083
566.663,45.388
567.163,43.302
567.332,42.598
567.406,42.292
567.591,41.524
567.644,41.304
568.144,39.262
568.209,39.002
568.323,38.551
568.358,38.408
568.388,38.29
568.447,38.053
568.494,37.861
568.824,36.494
568.919,36.098
569.29,34.577
569.496,33.735
569.657,33.07
569.745,32.704
570.245,30.619
570.364,30.126
570.688,28.808
570.832,28.227
570.942,27.776
571.442,25.689
571.942,23.61
572.442,21.522
572.581,20.938
572.797,20.048
572.86,19.789
572.902,19.616
572.947,19.43
573.03,19.086
573.125,18.69
573.442,17.373
573.591,16.752
573.818,15.809
573.923,15.377
574.423,13.298
574.923,11.216
575.423,9.133
575.613,8.344
576.113,6.303
576.189,5.994
576.251,5.744
576.751,3.697
576.858,3.256
576.933,2.946
576.99,2.716
577.033,2.539
577.533,0.517
577.604,0.231
577.662,0
